base_year,location,data_year,total_deficit_mwh,deficit_hours,total_gen_mwh,avg_storage_mwh,,,,,,2019,2020,2021,2022,2023,2024
2019,Daydream Solar Farm,2019,191.93,9,570936.37,302.86,,,,,2019,9,5,5,8,7,9
2019,Daydream Solar Farm,2020,573.19,16,567680.14,301.43,,,,,2020,16,6,10,10,14,13
2019,Daydream Solar Farm,2021,866.51,23,546592.29,296.47,,,,,2021,23,12,9,11,18,16
2019,Daydream Solar Farm,2022,1533.37,35,550784.88,298.31,,,,,2022,35,17,26,15,32,26
2019,Daydream Solar Farm,2023,257.46,10,564139.41,300.59,,,,,2023,10,5,3,8,7,8
2019,Daydream Solar Farm,2024,622.76,18,556331.49,302.01,,,,,2024,18,10,5,8,14,10
2020,Daydream Solar Farm,2019,85.53,5,608908.34,324.87,,,,,,,,,,,
2020,Daydream Solar Farm,2020,146.26,6,601433.25,323.95,,,,,,,,,,,
2020,Daydream Solar Farm,2021,473.29,12,576725.66,318.94,,,,,,,,,,,
2020,Daydream Solar Farm,2022,829.63,17,578825.83,320.8,,,,,,,,,,,
2020,Daydream Solar Farm,2023,131.67,5,598563.14,323.01,,,,,,,,,,,
2020,Daydream Solar Farm,2024,382.94,10,590169.51,323.53,,,,,,,,,,,
2021,Daydream Solar Farm,2019,48.54,5,654428.53,312.47,,,,,,,,,,,
2021,Daydream Solar Farm,2020,260.85,10,653815.38,310.9,,,,,,,,,,,
2021,Daydream Solar Farm,2021,262.44,9,631371.73,307.29,,,,,,,,,,,
2021,Daydream Solar Farm,2022,1089.05,26,638025.5,307.67,,,,,,,,,,,
2021,Daydream Solar Farm,2023,13.28,3,649050.67,311.89,,,,,,,,,,,
2021,Daydream Solar Farm,2024,113.96,5,640152.7,312.48,,,,,,,,,,,
2022,Daydream Solar Farm,2019,59.05,8,692859,292.23,,,,,,,,,,,
2022,Daydream Solar Farm,2020,114.68,10,685624.88,290.94,,,,,,,,,,,
2022,Daydream Solar Farm,2021,269.56,11,658215.26,288.03,,,,,,,,,,,
2022,Daydream Solar Farm,2022,458.07,15,661358.35,288.33,,,,,,,,,,,
2022,Daydream Solar Farm,2023,93,8,682071.18,291.09,,,,,,,,,,,
2022,Daydream Solar Farm,2024,129.33,8,672541.42,291.35,,,,,,,,,,,
2023,Daydream Solar Farm,2019,123.54,7,589855.64,311.98,,,,,,,,,,,
2023,Daydream Solar Farm,2020,427.01,14,586816.32,309.98,,,,,,,,,,,
2023,Daydream Solar Farm,2021,671.08,18,565209.62,305.62,,,,,,,,,,,
2023,Daydream Solar Farm,2022,1309.81,32,569733.57,306.82,,,,,,,,,,,
2023,Daydream Solar Farm,2023,108.14,7,583084.73,309.64,,,,,,,,,,,
2023,Daydream Solar Farm,2024,429.49,14,575023.46,310.81,,,,,,,,,,,
2024,Daydream Solar Farm,2019,90.11,9,645513.66,288.31,,,,,,,,,,,
2024,Daydream Solar Farm,2020,303.96,13,643281.88,286.85,,,,,,,,,,,
2024,Daydream Solar Farm,2021,447.08,16,620242.64,283.32,,,,,,,,,,,
2024,Daydream Solar Farm,2022,991.13,26,625841.83,283.92,,,,,,,,,,,
2024,Daydream Solar Farm,2023,90.2,8,638950.42,287.41,,,,,,,,,,,
2024,Daydream Solar Farm,2024,173.03,10,630146.67,287.86,,,,,,,,,,,
,,,,,,,,,,,,,,,,,
,,,,,,,,,,,,,,,,,
,,,,,,,,,,,,,,,,,
,,,,,,,,,,,,2019,2020,2021,2022,2023,2024
2019,Mount Emerald Wind Farm,2019,476.17,15,676481.58,274.81,,,,,2019,15,16,17,27,32,17
2019,Mount Emerald Wind Farm,2020,427.37,15,662273.73,271.36,,,,,2020,15,8,3,14,15,8
2019,Mount Emerald Wind Farm,2021,1466.58,41,628182.93,265.63,,,,,2021,41,36,10,44,45,34
2019,Mount Emerald Wind Farm,2022,211.06,11,626786.53,272.87,,,,,2022,11,13,1,8,15,7
2019,Mount Emerald Wind Farm,2023,185.33,9,657801.6,272.77,,,,,2023,9,7,1,8,9,4
2019,Mount Emerald Wind Farm,2024,155.86,10,645300.9,273.97,,,,,2024,10,12,1,9,17,6
2020,Mount Emerald Wind Farm,2019,539.17,16,717401.74,257.02,,,,,,,,,,,
2020,Mount Emerald Wind Farm,2020,179.58,8,705006.31,256.95,,,,,,,,,,,
2020,Mount Emerald Wind Farm,2021,991.85,36,672106.89,250.96,,,,,,,,,,,
2020,Mount Emerald Wind Farm,2022,131,13,672799.59,256.52,,,,,,,,,,,
2020,Mount Emerald Wind Farm,2023,45.48,7,697387.02,257.34,,,,,,,,,,,
2020,Mount Emerald Wind Farm,2024,147.19,12,685339.68,257.48,,,,,,,,,,,
2021,Mount Emerald Wind Farm,2019,518.24,17,774748.9,297.72,,,,,,,,,,,
2021,Mount Emerald Wind Farm,2020,33.48,3,764635.37,300.86,,,,,,,,,,,
2021,Mount Emerald Wind Farm,2021,326.92,10,733091.26,295.36,,,,,,,,,,,
2021,Mount Emerald Wind Farm,2022,9.19,1,736501.74,299.41,,,,,,,,,,,
2021,Mount Emerald Wind Farm,2023,3.07,1,752883.4,299.95,,,,,,,,,,,
2021,Mount Emerald Wind Farm,2024,31.79,1,741354.58,300.28,,,,,,,,,,,
2022,Mount Emerald Wind Farm,2019,904.79,27,658734.65,277.77,,,,,,,,,,,
2022,Mount Emerald Wind Farm,2020,441.55,14,648444.59,276.75,,,,,,,,,,,
2022,Mount Emerald Wind Farm,2021,1508.18,44,619564.95,270.15,,,,,,,,,,,
2022,Mount Emerald Wind Farm,2022,176.78,8,621089.12,276.34,,,,,,,,,,,
2022,Mount Emerald Wind Farm,2023,172.47,8,640273,275.88,,,,,,,,,,,
2022,Mount Emerald Wind Farm,2024,236.04,9,629705.07,278.14,,,,,,,,,,,
2023,Mount Emerald Wind Farm,2019,928.34,32,690502.1,252.3,,,,,,,,,,,
2023,Mount Emerald Wind Farm,2020,309.85,15,680502.45,253.01,,,,,,,,,,,
2023,Mount Emerald Wind Farm,2021,1258.36,45,651187.99,246.55,,,,,,,,,,,
2023,Mount Emerald Wind Farm,2022,188.38,15,653425.6,251.57,,,,,,,,,,,
2023,Mount Emerald Wind Farm,2023,94.05,9,671089.84,251.46,,,,,,,,,,,
2023,Mount Emerald Wind Farm,2024,230.45,17,660368.38,253.16,,,,,,,,,,,
2024,Mount Emerald Wind Farm,2019,598.46,17,689723.74,279.14,,,,,,,,,,,
2024,Mount Emerald Wind Farm,2020,236.82,8,677702.23,278.05,,,,,,,,,,,
2024,Mount Emerald Wind Farm,2021,1153.27,34,645945.07,271.75,,,,,,,,,,,
2024,Mount Emerald Wind Farm,2022,107.09,7,646526.2,278.35,,,,,,,,,,,
2024,Mount Emerald Wind Farm,2023,56.67,4,670489.19,278.73,,,,,,,,,,,
2024,Mount Emerald Wind Farm,2024,112.42,6,658859.44,279.47,,,,,,,,,,,
