Project Name,Lat,Lon,State
Gippsland offshore wind,-38.4635,147.2854,VIC
Hawkesdale wind farm,-38.148,142.3608,VIC
Mortlake Energy Hub,-38.0475,142.7604,VIC
Golden Plains Wind Farm,-37.9167,143.754,VIC
Elaine Solar Farm,-37.7388,143.9879,VIC
Warracknabeal Energy Park (proposed),-36.1939,142.3563,VIC
Murra Warra Solar Farm (proposed),-36.4443,142.3389,VIC
Gannawarra Solar Farm,-35.7351,143.78,VIC
Meering West Wind Farm,-35.8712,143.7132,VIC
Cosgrove Solar Farm,-36.3755,145.6297,VIC
V9 Offshore,-38.6263,142.1054,VIC
Coopers Gap ,-26.7237,151.4699,QLD
Dulacca Wind Farm,-26.654,149.8483,QLD
Mount Emerald Wind Farm,-17.1323,145.3799,QLD
Kaban,-17.5605,145.4133,QLD
Sample data,-24.0842,150.8041,QLD
Kennedy Energy Park Stage 1,-20.8752,144.4212,QLD
Western Downs Green Power Hub,-26.9549,150.676,QLD
Daydream Solar Farm,-20.4934,147.7705,QLD
Kidston Solar Project KS1,-18.8896,144.1428,QLD
Ross River Solar Farm ,-19.4231,146.7206,QLD
Childers Solar Farm,-25.3001,152.4048,QLD
Haughton Solar Farm,-19.7247,147.0429,QLD
Banana,-24.4973,149.4985,QLD
Broad Sound Solar Farm,-22.8358,149.4033,QLD
Barcaldine Solar Farm,-23.5469,145.3197,QLD
Cattle Hill Wind Farm ,-42.1598,146.7348,TAS
Granville Harbour Wind Farm,-41.7818,145.0453,TAS
Musselroe Wind Farm,-40.7802,148.0105,TAS
Studland Bay Wind Farm ,-40.7847,144.7295,TAS
Northern Midland Solar Farm,-41.8064,147.098,TAS
Weasel Solar Farm ,-42.2935,146.9851,TAS
Bell Bay Solar Farm,-41.1123,146.8407,TAS
King Island Solar Farm  ,-39.9411,143.8924,TAS
Woakwine Wind farm,-37.3843,140.0686,SA
Robertstown Solar Project,-33.9839,139.059,SA
Goyder South Hybrid Renewable Power Station,-33.6821,138.9333,SA
Cleve Wind Farm,-33.6186,136.3646,SA
Yoorndoo Ilga Solar,-32.9203,137.5927,SA
Roxby Downs Solar Farm,-30.5509,136.8816,SA
S2 Solar,-34.0005,139.8049,SA
Streaky Bay Wind Farm,-32.8003,134.2375,SA
Yorke Peninsula Wind Farm,-35.0619,137.0979,SA
Bodangora Wind Farm ,-32.4053,149.0407,NSW
Sapphire Wind Farm,-29.6976,151.4099,NSW
Metz Solar Farm ,-30.5147,151.8543,NSW
Bullawah Wind Farm,-34.8518,145.1798,NSW
Sunraysia Solar Farm,-34.8071,143.4897,NSW
Muswellbrook Solar Farm ,-32.2634,150.9437,NSW
Wollongong Offshore Wind Project (proposed),-34.5000,151.2000,NSW
Broken Hill Solar Farm,-31.9838,141.3899,NSW
Wagga Wagga North Solar Farm,-35.0706,147.4387,NSW
Cooma Solar Farm,-36.1604,149.1708,NSW
N13,-32.0001,145.5001,NSW
Moree Solar Farm,-29.5691,149.8656,NSW
Snowy Wind,-35.6739,148.3920,NSW
N10 Offshore,-33.1131,152.5351,NSW
