Location,PV Size (MW),Wind Size (MW),Battery Size (MW),Annualized Cost ($),LCOE ($),Plant Cost ($),Model Year Penalty Cost ($),,PV Size (MW),Wind Size (MW),Battery Size (MW),Annualized Cost ($),LCOE ($),Plant Cost ($),Model Year Penalty Cost ($),,,,,,,,
Gippsland offshore wind,284.5898113,71.77943244,134.456843,99125320.64,319.5014364,91797205.67,7328114.965,,285.0219963,71.77496527,134.0263197,99117439.83,319.4760349,91745581.4,7371858.433,,0.432185036,-0.00446717,-0.430523253,-7880.804948,-0.025401466,-51624.27246,43743.46752
Hazelwood North Solar Farm,264.5562648,66.60399942,138.9558325,96633494.47,311.4697646,88778469.46,7855025.011,,262.3620956,67.16599956,140.9756999,96626026.86,311.445695,89155634.31,7470392.559,,-2.194169244,0.562000138,2.019867412,-7467.607962,-0.024069647,377164.8432,-384632.4511
Glenrowan solar farm,417.9877675,46.18375313,130.7839967,101749131.1,327.9585208,101030720.5,718410.5261,,419.810845,45.72802116,130.1705763,101748765,327.9573408,100985877.1,762887.8851,,1.823077453,-0.455731967,-0.61342049,-366.097561,-0.001180008,-44843.45661,44477.35905
Hawkesdale wind farm,414.8737152,38.58843029,91.7505043,96903510.62,312.3400826,88693709.73,8209800.889,,411.5830956,44.08288937,91.75921228,96754930.09,311.8611767,89855749.02,6899181.061,,-3.290619626,5.494459077,0.008707978,-148580.5339,-0.47890583,1162039.294,-1310619.828
Mortlake Energy Hub,412.5093535,36.65389098,92.63612518,96826927.09,312.093238,88041930.14,8784996.954,,412.5106355,36.65345582,92.63611001,96826908.47,312.093178,88041969.02,8784939.451,,0.001281962,-0.000435165,-1.51739E-05,-18.6171969,-6.00071E-05,38.8859079,-57.50310476
Golden Plains Wind Farm,281.8671391,27.98832464,122.0562905,92916100.63,299.4878344,75650567.46,17265533.17,,282.0563262,28.08956106,121.9349337,92914508.05,299.4827012,75674610.26,17239897.79,,0.189187094,0.101236421,-0.121356832,-1592.57652,-0.005133204,24042.80587,-25635.38239
Elaine Solar Farm,275.8353427,25.71806487,133.6379209,93445633.77,301.1946294,77083039.69,16362594.08,,269.8106998,25.4525716,136.5516544,93410801.47,301.0823577,76938391.42,16472410.05,,-6.024642849,-0.265493264,2.913733496,-34832.29749,-0.112271708,-144648.2665,109815.969
Warracknabeal Energy Park (proposed),253.8072229,53.34262668,153.7688117,94496002.65,304.5801858,87207375.3,7288627.35,,285.019701,47.47464076,139.845633,94443688.45,304.4115663,86148338.87,8295349.579,,31.21247811,-5.867985921,-13.9231787,-52314.20241,-0.168619508,-1059036.432,1006722.229
Murra Warra Solar Farm (proposed),257.9237211,59.12157593,149.1715534,94957056.7,306.0662585,88280086.01,6676970.694,,275.5952825,56.4895557,146.3400778,94921153.04,305.9505336,89139099.03,5782054.006,,17.67156141,-2.632020233,-2.831475636,-35903.66425,-0.115724945,859013.0235,-894916.6878
Gannawarra Solar Farm,325.4138982,27.50591026,171.8042237,99293352.19,320.0430369,93640125.5,5653226.687,,349.502631,29.16684793,141.2277455,96585493.25,311.3150467,89677234.75,6908258.497,,24.08873288,1.660937667,-30.57647815,-2707858.943,-8.727990147,-3962890.753,1255031.81
Meering West Wind Farm,339.565753,29.42707233,143.0838488,95736238.21,308.5777219,88906241.26,6829996.95,,339.8852389,28.76872228,143.9364419,95702230.24,308.4681071,88969816.95,6732413.29,,0.319485885,-0.658350045,0.852593055,-34007.9726,-0.109614738,63575.68747,-97583.66007
Coopers Gap ,244.9399628,55.22788749,88.55586589,73867181.83,238.0892243,70339755.71,3527426.116,,289.842444,28.76267764,89.1530066,73824158.49,237.9505511,68728490.05,5095668.438,,44.9024812,-26.46520985,0.597140715,-43023.33768,-0.138673127,-1611265.659,1568242.322
Dulacca Wind Farm,272.3099865,43.51855016,88.12775423,76295271.13,245.9154589,70442698.54,5852572.59,,272.9078631,42.91598903,89.0507557,76292052.17,245.9050836,70576661.69,5715390.486,,0.59787659,-0.602561129,0.923001468,-3218.954518,-0.010375357,133963.1502,-137182.1047
Mount Emerald Wind Farm,327.9969129,12.43144041,71.84901041,66955838.85,215.8125346,64707411.05,2248427.793,,330.4195739,11.74201585,70.62937118,66944072.12,215.774608,64522750.48,2421321.642,,2.422660996,-0.689424566,-1.219639226,-11766.7275,-0.0379266,-184660.5757,172893.8482
Kaban,268.614296,16.75422996,75.52534375,64581734.49,208.1603046,59055094.62,5526639.864,,303.9466714,0,75.33551122,65583653.02,211.3896955,58803245.11,6780407.91,,35.33237537,-16.75422996,-0.189832538,1001918.533,3.229390919,-251849.5139,1253768.046
Sample data,228.8876437,29.30484938,91.50981713,63154205.35,203.5590825,61444043.59,1710161.763,,232.0158673,30.46546777,84.08452458,62786102.4,202.3726105,60342800.61,2443301.791,,3.128223614,1.160618386,-7.425292543,-368102.9458,-1.186472025,-1101242.974,733140.0279
Kennedy Energy Park Stage 1,326.9337307,8.211925662,63.39086278,64191771.14,206.9033719,61236624.51,2955146.631,,297.8185404,13.38400908,64.76045112,63911791.44,206.0009394,59242665.18,4669126.266,,-29.11519033,5.17208342,1.369588339,-279979.6964,-0.902432543,-1993959.331,1713979.635
Western Downs Green Power Hub,339.3620487,31.14239229,95.40240712,79232596.3,255.3830662,77498063.99,1734532.308,,331.5285372,36.68468118,95.40202781,79227938.58,255.3680535,78073330.91,1154607.673,,-7.833511461,5.542288893,-0.000379303,-4657.718566,-0.015012792,575266.9166,-579924.6351
Daydream Solar Farm,279.8367484,25.1438714,73.88606804,66018441.02,212.7911072,62557756.21,3460684.805,,279.9190196,25.04519066,74.15906979,66013197.48,212.7742062,62607989.25,3405208.232,,0.082271196,-0.098680731,0.273001753,-5243.538416,-0.01690101,50233.03433,-55476.57275
Kidston Solar Project KS1,289.4507914,8.743147998,74.07994245,60839647.21,196.0987823,59116455.36,1723191.845,,292.1604111,9.015930776,67.84231935,60455968.8,194.8621073,57998498.48,2457470.321,,2.70961973,0.272782778,-6.237623103,-383678.4021,-1.236674946,-1117956.878,734278.4758
Emerald Solar Farm,198.978063,71.15922858,84.96674495,75847215.43,244.4712826,68011445.37,7835770.052,,274.9109775,38.14426953,83.2513418,75097935.87,242.0561994,68011993.62,7085942.251,,75.9329145,-33.01495904,-1.715403156,-749279.5521,-2.415083165,548.248479,-749827.8005
Ross River Solar Farm ,302.7547302,6.363628921,68.45651894,61707976.2,198.8975865,58777846.12,2930130.074,,302.752004,6.365317324,68.45485708,61708232.61,198.8984129,58777562.62,2930669.986,,-0.002726253,0.001688403,-0.001661859,256.4105481,0.000826464,-283.5011826,539.9117308
Childers Solar Farm,305.0408572,13.03159754,90.398925,74378690.73,239.7379234,66479027.05,7899663.679,,304.8654252,12.98625223,90.72965874,74376707.4,239.7315307,66525165.08,7851542.324,,-0.175432005,-0.045345303,0.330733737,-1983.323297,-0.006392662,46138.031,-48121.3543
Haughton Solar Farm,298.4746829,3.1232224,72.02245142,62291887.84,200.7796546,58162796.8,4129091.036,,298.0230231,3.077583325,73.06682753,62280308.58,200.7423322,58350253.57,3930055.008,,-0.451659831,-0.045639076,1.044376109,-11579.2571,-0.037322344,187456.7717,-199036.0288
Cattle Hill Wind Farm ,319.3118301,62.03736272,136.3503475,101990041,328.7350233,94017388.41,7972652.58,,319.8467387,61.8436636,135.8702134,101976491.4,328.6913501,93912061.09,8064430.279,,0.534908693,-0.193699118,-0.480134065,-13549.61858,-0.043673227,-105327.3179,91777.69934
Granville Harbour Wind Farm,377.5155738,32.83700478,132.4049416,102132291.9,329.1935273,92233310.67,9898981.181,,362.8038924,32.61435618,141.433986,101964199.5,328.6517307,92480344.04,9483855.42,,-14.71168136,-0.222648597,9.02904442,-168092.3906,-0.541796585,247033.3702,-415125.7607
"Huxley Wind Farm, King Island",287.0069338,53.83408546,200.2163972,110281783.4,355.4610264,103294245.6,6987538.185,,286.7965067,53.80666724,200.3656804,110282638.8,355.4637833,103295768.4,6986870.308,,-0.210427061,-0.027418221,0.149283226,855.329017,0.002756903,1522.807039,-667.8772766
Musselroe Wind Farm,277.5344992,50.37376385,121.6443492,82217410.74,265.0037413,81468663.45,748747.2895,,277.9523959,51.14787495,120.9639399,82199198.2,264.9450385,81578678.44,620519.7527,,0.417896755,0.774111092,-0.680409352,-18212.54166,-0.058702793,110014.9951,-128227.5368
Studland Bay Wind Farm ,420.8078271,21.79477317,119.1837268,97907571.33,315.5763782,91439825.03,6467746.301,,420.1324838,20.99712847,120.0506063,97889131.36,315.5169423,91335530.32,6553601.045,,-0.675343275,-0.797644694,0.866879475,-18439.97473,-0.059435857,-104294.7181,85854.74336
Sample data,250.9331518,56.64768328,139.222678,87277246.31,281.3126392,84163379,3113867.311,,250.9326541,56.64838683,139.1433132,87276470.55,281.3101387,84143745.51,3132725.038,,-0.000497698,0.000703558,-0.079364793,-775.764455,-0.002500449,-19633.49081,18857.72636
Northern Midland Solar Farm,303.33204,71.64007596,130.5490239,98023525.64,315.9501229,93251928.71,4771596.936,,314.4774468,68.74544943,124.8808284,97992675.99,315.8506881,92468476.47,5524199.521,,11.14540682,-2.894626521,-5.668195522,-30849.64933,-0.099434808,-783452.2349,752602.5856
Weasel Solar Farm ,385.1926889,49.3127349,126.0603996,108950571.2,351.1702536,96441609.62,12508961.56,,379.9235978,49.90367001,125.7729425,108948927.7,351.1649564,95847326.03,13101601.71,,-5.269091094,0.590935112,-0.287457143,-1643.447794,-0.005297173,-594283.5892,592640.1414
Bell Bay Solar Farm,285.1551706,61.0069326,119.2975796,92691487.89,298.763861,84971236.99,7720250.899,,285.1547202,61.00816965,119.2954212,92691467.7,298.763796,84970998.68,7720469.022,,-0.000450331,0.001237046,-0.002158383,-20.1830764,-6.50542E-05,-238.3061598,218.1230834
King Island Solar Farm  ,287.0069338,53.83408546,200.2163972,110281783.4,355.4610264,103294245.6,6987538.185,,286.7965067,53.80666724,200.3656804,110282638.8,355.4637833,103295768.4,6986870.308,,-0.210427061,-0.027418221,0.149283226,855.329017,0.002756903,1522.807039,-667.8772766
Woakwine Wind farm,341.015753,40.14396519,114.8608516,85974518.59,277.113678,85173827.14,800691.449,,339.7312919,40.20685411,115.5318431,85923846.55,276.9503515,85190040.34,733806.2105,,-1.284461192,0.062888915,0.670991531,-50672.03949,-0.163326477,16213.19901,-66885.2385
Robertstown Solar Project,291.150892,28.32487314,124.5851826,82358896.6,265.4597795,77601010.3,4757886.303,,292.7353081,28.01295382,124.0405076,82356554.44,265.4522303,77583560.65,4772993.791,,1.584416073,-0.311919315,-0.54467499,-2342.165247,-0.007549284,-17449.65334,15107.4881
Goyder South Hybrid Renewable Power Station,269.4837333,21.34363572,123.8934084,77744848.49,250.5877469,72550283.25,5194565.242,,269.4471096,21.35988922,123.9212412,77738973.86,250.5688118,72557106.43,5181867.433,,-0.036623697,0.016253493,0.027832811,-5874.626817,-0.018935139,6823.181679,-12697.8085
Cleve Wind Farm,247.7075433,31.13443079,122.2334481,76046401.35,245.1133001,72107604.5,3938796.854,,243.9045307,31.38283629,123.8616461,76022491.22,245.0362328,72084343.64,3938147.577,,-3.803012611,0.248405496,1.628198032,-23910.13274,-0.077067309,-23260.85522,-649.2775151
Yoorndoo Ilga Solar,213.418321,23.67632705,155.4308772,75043861.31,241.8819059,73698781.29,1345080.022,,191.9976238,33.35682736,127.1815074,74358612.84,239.6732082,66646789.36,7711823.483,,-21.42069726,9.680500309,-28.24936983,-685248.4663,-2.208697716,-7051991.927,6366743.461
Bodangora Wind Farm ,414.5161751,29.04871749,90.76694958,98964679.74,318.9836575,85635226.25,13329453.48,,412.8221224,29.27246436,91.60521777,98953872.69,318.9488241,85685808.45,13268064.23,,-1.694052665,0.223746873,0.83826819,-10807.05124,-0.034833364,50582.19991,-61389.25115
Sapphire Wind Farm,241.0499475,43.37314527,92.93949351,67829678.13,218.6290995,67481776.21,347901.919,,241.0713946,43.3302719,92.97880314,67829201.34,218.6275627,67481961.71,347239.6274,,0.021447119,-0.042873371,0.039309631,-476.7863689,-0.001536781,185.5053103,-662.2916792
Metz Solar Farm ,259.2325128,65.26948666,97.61073619,82384332.19,265.5417637,77390049.51,4994282.684,,259.4172265,65.34842035,97.33321838,82393506.65,265.5713349,77368131.68,5025374.973,,0.184713743,0.078933695,-0.277517803,9174.456648,0.029571174,-21917.83199,31092.28864
Bullawah Wind Farm,392.9254168,30.62864051,108.7039616,90925914.83,293.0730534,87718100.77,3207814.063,,392.9305052,30.62850296,108.7024366,90925884.14,293.0729545,87718351.19,3207532.954,,0.005088392,-0.000137544,-0.001525036,-30.6928148,-9.89293E-05,250.4161672,-281.1089819
Sunraysia Solar Farm,410.9411445,16.4188293,130.3131192,98127943.4,316.286683,91353913.81,6774029.588,,409.7049964,16.3301504,130.8556543,98116998.91,316.2514066,91300536.5,6816462.405,,-1.236148024,-0.088678898,0.542535062,-10944.49186,-0.035276364,-53377.30947,42432.81761
Hunter Coast Offshore Wind Project (proposed) ,219.7820722,79.73296325,146.5805174,89360706.12,288.0280616,88587625.82,773080.2979,,220.2073327,80.2506832,144.703497,89342649.36,287.969861,88326152.8,1016496.566,,0.425260547,0.517719958,-1.877020449,-18056.7542,-0.058200658,-261473.0218,243416.2676
Muswellbrook Solar Farm ,336.3751664,48.86420142,132.4449737,96722314.18,311.7560489,91471993.74,5250320.438,,339.2881251,48.70840513,131.364057,96721800.95,311.7543947,91541216.9,5180584.05,,2.91295871,-0.155796286,-1.080916734,-513.2260892,-0.001654234,69223.16241,-69736.3885
Wollongong Offshore Wind Project (proposed),246.581101,104.2040074,126.8601259,100618697,324.3148977,94300831.46,6317865.545,,246.5804061,104.2049137,126.8599389,100618601.3,324.3145893,94300956.19,6317645.157,,-0.000694885,0.000906375,-0.000186965,-95.660772,-0.000308334,124.7272606,-220.3880328
Shoalhaven Solar Farm ,288.9832859,96.48934028,140.9514278,107963871.2,347.9899153,101159346.9,6804524.38,,288.5630415,96.520899,140.999891,107958674.2,347.9731642,101125218.3,6833455.845,,-0.4202444,0.03155872,0.048463215,-5197.048508,-0.016751164,-34128.51305,28931.46455
