Location,PV Size (MW),Wind Size (MW),Battery Size (MW),Annualized Cost ($),LCOE ($),Plant Cost ($),Model Year Penalty Cost ($)
Gippsland offshore wind,288.18520331819735,47.74710609900864,119.11295886566842,88805152.61212125,286.237397621664,81479221.26255818,7325931.349563071
Hawkesdale wind farm,256.79357503649055,75.17823364558551,106.19254839434423,86553169.51858582,278.97878974564327,82080136.90526576,4473032.613320052
Mortlake Energy Hub,229.91636214205664,79.15179412332445,122.35204798558823,88334335.31901632,284.71985598393655,83717980.75447069,4616354.564545631
Golden Plains Wind Farm,270.61040553129106,48.478808621165165,96.64525477018809,75898275.99616739,244.6358613897418,73779170.6822452,2119105.3139222036
Elaine Solar Farm,276.6880928670938,45.89982914314542,91.74450283139521,75176354.37466478,242.30895850012823,72610934.86616087,2565419.5085039176
Warracknabeal Energy Park (proposed),273.9743516439716,34.9378058727779,110.1063965061383,78282041.40660352,252.31923096407257,73649135.95916928,4632905.447434234
Murra Warra Solar Farm (proposed),282.3756378745204,37.676886486937796,108.29974449009893,81465370.98819181,262.57976144461503,75099933.56436537,6365437.423826443
Gannawarra Solar Farm,346.8120051989794,30.137974465027998,108.06437950203056,82872596.98609023,267.11554225975897,81342535.10488917,1530061.8812010519
Meering West Wind Farm,325.4585271265057,34.32784427041837,102.56742921949595,82604126.73087937,266.25020702942584,78375459.5448692,4228667.1860101605
Cosgrove Solar Farm,330.01417480953955,100.71387094399607,112.70147134126792,118478464.5744034,381.8806271535968,100751034.58570558,17727429.988697834
V9 Offshore,275.63847258153703,58.92518382583555,123.17863496914862,85983718.78300521,277.143332096713,84080926.47445965,1902792.308545567
Coopers Gap ,199.40404335697048,68.92659061602524,115.55493485737496,86555837.39211686,278.98738885452656,75040486.88603938,11515350.50607748
Dulacca Wind Farm,205.56235597408067,48.17720184242293,90.0722909904104,73859699.32780339,238.06510661661045,63486237.185077325,10373462.142726062
Mount Emerald Wind Farm,393.01309806277175,0.0,76.83940695472265,77447862.10331425,249.63049831849878,70909513.7026285,6538348.4006857565
Kaban,376.1302300359184,2.3144925218633885,73.58058528308152,73063737.6783575,235.49955738390813,68545046.84485412,4518690.833503374
Sample data,314.7797423043035,20.323778705049108,92.84408332298632,77768235.43218388,250.66312790389645,70485576.5782529,7282658.8539309865
Kennedy Energy Park Stage 1,247.87444629098192,9.198899018023557,70.31358659082112,55107457.5622037,177.62274798454052,52833980.54459956,2273477.0176041336
Western Downs Green Power Hub,151.25286683979033,69.98492198425387,131.32303161127294,76755255.63744359,247.39808424639352,72933300.15051216,3821955.584654148
Daydream Solar Farm,295.70762958799645,18.759670607603404,80.16136042976584,69609122.97593072,224.3646187781812,64360264.67331281,5248858.302617908
Kidston Solar Project KS1,329.5610090400343,7.722025101148146,64.8428353342634,62641019.01053607,201.90497666570852,61802346.3347405,838672.6757955669
Ross River Solar Farm ,356.19908090833496,11.778840909895393,62.23533012266631,67260597.81539075,216.7948358272063,65837854.47200699,1422743.3433837546
Childers Solar Farm,407.7951654570064,36.84843755893304,80.43740010642799,93524309.53029333,301.4482176641203,84438366.01815884,9085943.512134487
Haughton Solar Farm,324.862141542011,15.993415237164994,67.56624301316447,66212037.69063222,213.41510939768642,64260465.18610678,1951572.504525438
Banana,356.9602570903815,12.483515606703442,82.21026452787832,75221079.2835342,242.45311614354296,71118764.91903888,4102314.3644953147
Broad Sound Solar Farm,250.04656252207434,42.88712867579655,82.04210744699569,73968679.09278768,238.41637096788938,65811012.096743755,8157666.99604393
Barcaldine Solar Farm,232.11398440093078,20.895065630200122,82.68027198197201,67973857.2764218,219.09381877976406,57230628.33693924,10743228.939482562
Cattle Hill Wind Farm ,300.84472826410087,83.31676466552486,142.30089373377356,135878023.52477777,437.9630089436834,99238066.84609039,36639956.67868738
Granville Harbour Wind Farm,454.0220341130943,42.67626992019603,162.09770150493705,116962597.59778076,376.9946739654497,112561058.12222025,4401539.475560518
Musselroe Wind Farm,526.9806596533214,31.34654574008077,120.32591170432356,121660315.89680144,392.13639289863477,108479050.20093787,13181265.695863578
Studland Bay Wind Farm ,351.53259503454296,91.48211786378003,106.12191799312677,106311402.36073993,342.663665949202,99269183.69492896,7042218.665810979
Northern Midland Solar Farm,492.5721128359942,93.24236166413266,107.68734442856798,138481433.255044,446.3543376472007,118746988.25720555,19734444.99783847
Weasel Solar Farm ,305.1420378828957,82.36416495545537,127.45819458082451,136019675.94473222,438.4195840281458,95830134.47572206,40189541.46901017
Bell Bay Solar Farm,446.522526740308,44.853275800847534,125.92894853386102,124059147.4090034,399.8683236390118,103193905.01144391,20865242.397559498
King Island Solar Farm  ,285.4102441167111,76.17564410983556,106.27381886553573,96838927.04753335,312.1319163498255,86158932.13323538,10679994.914297963
Woakwine Wind farm,173.52395617488446,95.68847651689335,171.78752063242243,95633171.85652025,308.24551766807497,93401215.67934339,2231956.177176858
Robertstown Solar Project,243.96506023668198,29.507454923470352,96.68698080966982,66133711.19866817,213.1626468933704,64778529.43883491,1355181.7598332542
Goyder South Hybrid Renewable Power Station,216.659503553034,30.21271371812245,98.01126117141564,63222474.855780415,203.77912926923582,61716337.94064983,1506136.9151305843
Cleve Wind Farm,350.1271287247318,36.55535500920086,65.2989967417775,78341931.32015857,252.51226855812592,72986094.33905213,5355836.98110645
Yoorndoo Ilga Solar,268.23800548713933,28.95767379122291,81.61913137451405,65264349.797723725,210.36051506115624,64062457.361796305,1201892.435927419
Roxby Downs Solar Farm,210.64539423544292,24.009782161772545,110.16610059304313,64587906.357673265,208.18019776848755,62153532.3903735,2434373.967299765
S2 Solar,227.81917061133615,44.93543124037117,107.22755017117836,72585027.09675197,233.95657404271384,69751636.83266419,2833390.2640877846
Streaky Bay Wind Farm,289.78827640319804,53.282226153419664,66.7731015299925,78787784.77616203,253.94934657908792,70256167.29351638,8531617.482645646
Yorke Peninsula Wind Farm,347.1222795663483,40.70334916299044,80.27333660590698,80999139.88296095,261.0770020401642,77523673.12548386,3475466.757477085
Bodangora Wind Farm ,198.45865256940516,62.361502834185735,127.98457696116576,79111448.70528822,254.99258245056637,76108761.86335407,3002686.8419341473
Sapphire Wind Farm,261.582137502452,39.741695640769535,108.49822096088931,96940767.26206303,312.46016845145215,73009272.14174409,23931495.12031894
Metz Solar Farm ,256.2214987337436,40.548901862670014,112.60643380770837,92843616.20253672,299.254202103261,73560727.60491924,19282888.59761748
Bullawah Wind Farm,295.7425334713055,40.76855918190716,98.53708533631793,75453480.02232891,243.20219185279262,75324974.18892908,128505.83339983849
Sunraysia Solar Farm,257.5053411878218,32.76341160219898,113.80080122175397,82757702.218564,266.7452126303433,71769718.78125083,10987983.437313173
Muswellbrook Solar Farm ,288.5966570225512,32.23043504972802,131.57447426854625,86023684.70694785,277.2721505461655,80138346.11725602,5885338.589691837
Wollongong Offshore Wind Project (proposed),233.17467023746718,36.20211793384673,190.27556000656878,92461184.85836332,298.0215466828793,88614079.98413157,3847104.874231741
Broken Hill Solar Farm,241.59631913677924,29.485938143501805,113.80595289833836,71046240.13319468,228.99674499015208,68725092.66133022,2321147.471864455
Wagga Wagga North Solar Farm,413.5734856105722,67.81642110637623,111.59687832588038,114574915.59391491,369.2986803994034,101942358.01226044,12632557.581654474
Cooma Solar Farm,225.6943691668269,73.29028629811637,145.05175742280966,100077586.93925719,322.5707878783471,87117253.01792356,12960333.921333632
N13,303.0503754123899,50.11065724720386,86.73934650198774,78711489.85638599,253.7034322526543,76057456.81613845,2654033.0402475377
Moree Solar Farm,294.91940139420853,51.41997167037856,101.39426477935184,85117459.00124471,274.3511974254463,79017088.4771486,6100370.524096099
Snowy Wind,281.1645927697625,81.31358068803085,147.32248271098567,114639339.66015798,369.5063325065527,97315974.6130827,17323365.04707527
N10 Offshore,293.0745494030389,36.89726775435683,134.0043157404986,86347227.17469697,278.31499492247207,82686807.46040995,3660419.7142870133
